{
    "cachethq\/emoji": {
        "v1.0.0": "pfaMN5HVqpCgVu_Ywmum2RtarnX7rRIqFnSEikDDHFw",
        "v2.0.0": "DWKjCYHFeAR4v-zcwT8HCrFukPfZrJw5r_zij6KcpZo",
        "v3.0.0": "8eTacsZlNdiMChlaze4DG38KBuxP3MDyfpeN9iavnm0"
    },
    "colinodell\/commonmark-php": {
        "0.1.0": "-OTiQ-yHjcsBwnXSpUX-0HEtc6FH4F-RVmffBCJdrCk",
        "0.1.1": "RoucpuWmOM9A0OmTsEiAoy5iO1ICAgIwgpTRZK-Fz_0",
        "0.1.2": "Lz2UclOOATgyp9rGeVd4hYn-fRYxGVM_rWM-yFaX9v8",
        "0.2.0": "75gw5EBpJ5ScShwiIPetrgxyDGxBg5-IKoTB5YvA3Ag",
        "0.2.1": "w2BRHOh-zOPO99XDjko3miPEUBpNgaWd65Oc0EVxEe4",
        "0.3.0": "ZegY_LYYXk43CVR42ZCpmXB6QfT3ZnphMNK77DZgkgM"
    },
    "erusev\/parsedown": {
        "0.1.0": "7jMNreTMXYXNiahANCZ9uFWSqRRED2PhhXTrxyB7o30",
        "0.1.1": "Va5nODZ9U1WADyLHBfXeLTf74OPmolU4Tby07rPRXek",
        "0.1.2": "UxWTvQnwODdmDaPHN03XfvsL_KBHd1M2Cg9_TJ4i320",
        "0.1.3": "mJ4BiJtLI4J56BfzA7lLqhAfeBoX5STm2mq4eokqzwU",
        "0.1.4": "wtQl6nmqNlVIkBlMHCihBneqWwSWUlL43xtYer9J7oQ",
        "0.1.5": "wKJe1OPeDLBGtEbz6G6UMENvqfk1APQJNKHBiBAsCKs",
        "0.2.0": "INNj24lLIhaaA60E0nxhnGC63VzS9ambnDsYMro24P8",
        "0.2.1": "-k9mIbtD-b2pZWebipnkkVr3oesYWOWnE9cYN_YVRl8",
        "0.3.0": "xJ45mFTqsEVR1nUYBUeu2cz__UPUwZ8dC8oEzT3U6cc",
        "0.4.0": "df8bTxNn9MIi7Z4DSmEhVFw8Oa6T5tb-oe26rDFJYYw",
        "0.4.1": "sc5WaKsYiB3qupOafjrxdHF2N_SjgQm5TY1pg0cgVkM",
        "0.4.2": "jRg2vkpJsh0l5aNj1kNvbvPO4pDGcI_8qwUemrjGCb0",
        "0.4.3": "mw3fwojH97Z_3w5H6zbjc3doArwE7QljClmWcckF6Sw",
        "0.4.4": "ujIR09GY-IHxA80N8NeGID2DOEH6TewLEbUBr1dnve4",
        "0.4.5": "kFoikncru96K0jB4ED7phV74GC_YByBviyMGwlxJlkI",
        "0.4.6": "yTXzE8sqSrXMkgz49seK2EKvYskXeTkD3XCNa8g-nPc",
        "0.4.7": "ugWzZSYaJdGxqkNyu_eskpCWS3ICwN6gpBRelx3m7sA",
        "0.4.8": "9lr361GBzhnOZ_kJ5WcS0gtXd0jBJSUexVRxH2sPi98",
        "0.5.0": "46ElRueqC1uNfiZydSHnaLN5wPjhuCp3Ufy3azbP_2U",
        "0.6.0": "q669aYq2aJLxlTQZHqqn46QNVFg-l6iCQjHLugXUcQU",
        "0.7.0": "l7Hpw0_hmgnfx0je9H1KjDBTj0VQvl4ztelGDL6H2gk",
        "0.7.1": "_YVV6XihVifz5JmigjOeDxweUkVKICPcK03i3SDIu8E",
        "0.7.2": "VT80FHyxFZGsvM9Y3JmfWa-RU4qZSZDj_Q4kY--lBxQ",
        "0.7.3": "VT80FHyxFZGsvM9Y3JmfWa-RU4qZSZDj_Q4kY--lBxQ",
        "0.7.4": "YHpLs59QjOok7AuW8XYFhVOibytTTW7oYEdAWs4EiyA",
        "0.7.5": "uH_xleNPgL53UhTGziLflRV5XPrms0xHaWlv05Tl9Z0",
        "0.7.6": "mJBDX-fY0gJ4SshlHhHdnlLvI9UQgNX62MgPwkJZlD0",
        "0.7.7": "hVGHZQP-VZIhZ3epubRyU_MRY1A5ieMsXYGQIGSprbc",
        "0.8.0": "J8Oz9Q8Ecfgxlm-SmNeEZGo1c8SfoRzPTTowkkXvKyI",
        "0.8.1": "M34WmiOGkQjEjgih4FF4nZ934iNgfSztw6JcwPAjTV8",
        "0.8.2": "Kg1R3WO3a_cs876ekqSPxRBUf5lEykCs4oyTjjtC87g",
        "0.8.3": "0jUtREXm0jppaF9feOE6lhGKgjqbAxQfbeXU9Kaf4EU",
        "0.9.0": "5wBWLmSt3p1llaOaMfzjCOuL4uhZI5mv4BrR5CXUSjQ",
        "0.9.1": "yoaxG3nBb_4o-djDho79Ye-o2G1UVYmUjxb2EQIO0WQ",
        "0.9.2": "HzQfwM44XTrodL8iSZTcLgtqoXDJ9NMiqUbpTpBFYck",
        "0.9.3": "Yaow9pk6CkPtrWhI9vNeZvVq3nVhZeauh7PkNBt3Z3E",
        "0.9.4": "U678j6ms2jZakJwbGSKaD1HleBMnLQvUlIA4cGnoopY",
        "1.0.0-rc.1": "mJQcyLBdWbnUkRDGR4IO_DOWTTsCa35ynEkEEuViZcE",
        "1.0.0-rc.2": "4AtzdbD1U8qqRIUxNluGk7ponF-HHdoh4VPrr5h5gCY",
        "1.0.0-rc.3": "W5r2YRILSWh-uPT6IojBEm1YYe54wugPEQvFfAziRik",
        "1.0.0-rc.4": "hAR3dZuW5Llx3GDorgA4mO-Q9vEOBQ0kaQV3IyQD4qA",
        "1.0.0-rc.5": "Y3cevAmUdRKqQ54ooEtPvkuwmvsc_Gi45D9KnC4AWJM",
        "1.0.0": "FkBHCMAAV8xzTXug56STt7AtShQ6Wu3zwBvGrxUfHyw",
        "1.0.1": "FG5EqaqSTWRvSvyadn1L5kIeYU-cXpFbYDhgDqppvAQ",
        "1.1.0": "yISl6lRfcWDEl1yua9TXSXR1bjv5ha8B8fnr1uE5Wwo",
        "1.1.1": "0qd_jgWwoe4gaaFlSqjm9l_sltUgyrYH7gIrNzqTWyI",
        "1.1.2": "leIkmTZq6EJtiRHrCwH8I7O8h_JzHoYwVSjObAhcC1M",
        "1.1.3": "Xt6uIMEGFjyiP2kpvtQ4pmXiH9t_lbPxn3DWmxTtApU",
        "1.1.4": "ozaMZ0DtTPs5WgC1rApPahto8-5OpQBOi857JH-owKU",
        "1.2.0": "F29n9S0mvhf3Ryu4NNccb7LvBqG3FuXEcGwed1VZraQ",
        "1.3.0": "9IDPkY6umpU1YAiBhzL2N3fIXfa7Z8QU_WfgQA5hQ5c",
        "1.4.0": "ywIVlOcgws0yxJCSGf2A-0cBQ1RQ3fxVsn3bVPS-B4s",
        "1.4.1": "tWRM05nlza6JnGtQaJpfhfBr6yFJ2rV10jl1csqNruY",
        "1.4.2": "XiQnOKjbXYGEyTsXMTyghdCb2SIFyaVHiCN8uaxQf-4",
        "1.4.3": "wKSVK2tO65GEbGreL3YUCLxoV5HN2NvLEJftR2aQgCI",
        "1.4.4": "0oL4rDXfMq7dQx9htdeXxpEQfnXyUvR_UUHRTp3ZHME",
        "1.4.5": "1JqnIxFkmJcU36i5dxU5KShbeh23cl19wTzbIky1RAE"
    },
    "erusev\/parsedown-extra": {
        "0.1.0": "nDw9VH0f_eUST3moI9CyxHnSOQK_p_G-pL8Etr7YDtc",
        "0.2.0": "hWWcv5_1z8vXD_w_1hoavkJ4vmffedInddN-_Ek1_Gs",
        "0.2.1": "nJLyjhdM1EmZQ99d2z85TXFdpWN8YmJsmXlRmmI_GRI",
        "0.2.2": "Tw0jS9004wjYWKzWXV_GMJ3LTPyP7C7nh-rYLkzaQtA",
        "0.2.3": "_zP-rbCoCZA9c6KzRofV8ldhEEo4Ec8Uykjb-hpDFHU",
        "0.2.4": "G7diJF9H5-lI6DcofC_A30nbyCpxIvMOv9P6gQU3RPo",
        "0.2.5": "0-11jrSj1DumjVYpZO_79fFRnXFql_SmE_uBLDo6ltA",
        "0.2.6": "8jKs35QWT80qzUqU8oCCq9Ft0Voqnp1A9XI1dDQMWrw",
        "0.3.0": "3FRn9IeNgV_Znrf7suWbpDCmY33iwCtkyjkQ0sSohAI",
        "0.4.0": "UyO-9rHYB9dI71XtBR4p_grrzxnZoR41JY1vup1RMM4",
        "0.5.0": "SF_U6xkXMmRWZDnq5zk4QSXB_VlZXJwopD-rwg9mejE",
        "0.5.1": "LZu8Xyiyx6XEaySyYy1XwE43IR-ctbcG3GDNm1bv-9k"
    },
    "league\/commonmark": {
        "0.1.0": "-OTiQ-yHjcsBwnXSpUX-0HEtc6FH4F-RVmffBCJdrCk",
        "0.1.1": "RoucpuWmOM9A0OmTsEiAoy5iO1ICAgIwgpTRZK-Fz_0",
        "0.1.2": "Lz2UclOOATgyp9rGeVd4hYn-fRYxGVM_rWM-yFaX9v8",
        "0.2.0": "75gw5EBpJ5ScShwiIPetrgxyDGxBg5-IKoTB5YvA3Ag",
        "0.2.1": "w2BRHOh-zOPO99XDjko3miPEUBpNgaWd65Oc0EVxEe4",
        "0.3.0": "ZegY_LYYXk43CVR42ZCpmXB6QfT3ZnphMNK77DZgkgM",
        "0.4.0": "SU1UXzC4EKOkV6Xao7pPnrqV3S7-5tbcqilxcNSfA9c",
        "0.5.0": "XTjJfAL_pDMLaf7QLhqP7yki2S4B3a9nG_8BUT4EoCQ",
        "0.5.1": "_Py94GIFAh2pJxVC9V5VHuCDOamvlJUVpLJZFcGaLq8",
        "0.6.0": "xrELfyDaiWykK7-Zj-4zzTNWvrznT55s3BJxiqcZO6E",
        "0.6.1": "o4GaXUAVG2wcahF_I1ljkLaamxAK_09rrKZoTVk3aYk",
        "0.7.0": "kv0qA2y8-kEDVh6ddRiDEFVYz3f0cqaWCeRWfNH6l_Y",
        "0.7.1": "PIXNGthijN9BFwoQzSlRHxwYlJKGIrRPTc3r3m3ELc8",
        "0.7.2": "qRmJofsVQY7GhTtn4_0GR0w1HFGxdawu_cPbcRXzoXo",
        "0.8.0": "Sr8MFaQI_jNwjohHh3kAMjh3r0ZNWePFZs65Dtg4OvM",
        "0.9.0": "-Kit6ho392J9_Xm4oTXkoBsk41BVmcpv0trmeD0a7Io",
        "0.10.0": "y2a4zSewO8qhRWe3TNBWVKi9ANq47Bn584kCGkN2Ah0",
        "0.11.0": "MJnrj0VT12_1D0CvBYE6T-bWVC9Or0hsZI2QAi4OyUI",
        "0.11.1": "tM9p_3e_sGr3Rt7ljRvKmIxaM9F7NHQmgba7trceaJ0",
        "0.11.2": "_NK3480FLg2gBmzrMazkbboyQ553TbHMPZXUj4k9TOM",
        "0.11.3": "ezorcYD3vzX_S0ZXJMjFnv36gk9jDFXN6LM0TeL7LLE",
        "0.12.0": "oJzE9mpvzNthTZSy5rBrb88KUSZtdxC2Z0VUwQuLxI8",
        "0.13.0": "-nS5c8EIsaYDd_pRcaOUV-RTNMQj2He9FfBox5OtDXo",
        "0.13.1": "85Vzah2zv_AP0SElNe1CqSjzq4hyS976RDXGwjzf2Ek",
        "0.13.2": "H4sXdLjRFiXoM4JP4FUXRkzxhXBMe8WHTkXt6XmdWDE",
        "0.13.3": "2Tju19sdMsGLl-Fql7l_jIlIDDhj7qJdoEHG7qGO4nM",
        "0.13.4": "i6bI7ji1H1BDSHeo6mJQskB3zNqqN-u7K3ilZVpXuT8",
        "0.14.0": "3WMO3-u7uZ6nVW1yKzirZzFnyLhnCj4D-rLUw8Cv0kM",
        "0.15.0": "Tr8e552gNCd8Shwo5G1x2u_QwtadZ5IG-o1s1fFGXXM",
        "0.15.1": "njQIobWGAYKAicO_2KpqeEAbLbHN3D7ObGuRIcsPZvg",
        "0.15.2": "myQ-W64o6zVI9vUKr7PA_joCcXMO18vxEj7GOtQytI4",
        "0.15.3": "MS3sd6Z31uOlI7IzGG_lkM2QFRrSsqvQPCvXtlCy0yo",
        "0.15.4": "Uo0kXTIR26C8jrQcC6hr1fy5H1mjNzQEf_ilQHaVw9Y",
        "0.15.5": "QAwvyJ4etuRMZTlz__RCMxbkWlXE2I39CUhK7wQr3WQ",
        "0.15.6": "-vSHyeCQ27MltFOyJsmn8heniYHssSA2rMkrVEM7PfU",
        "0.15.7": "8zdvdgN70Mrh59lL94BSWVCwb1eJMUXTjTJy5fFx-t8",
        "0.16.0": "tWWXLm7fSZ1xvZTiP2lvTiMkkiXbDwaGpdlJiXhjk8w",
        "0.17.0": "tj_sUEFCiO3Nm7Q0bB1AGM2qPJkNavH-QpLlFWWTgZY"
    },
    "league\/commonmark-ext-autolink": {
        "v0.1.0": "KhEsaXQG6twPcL1h8gYxa6mceuFL5AAvvh4UY1X5IkU",
        "v0.2.0": "p63zuyoM4nl7CKZ2aAXWQ3lxZb9yRMAPV6Ez4QMev78",
        "v0.2.1": "bNRf0TviKr4KORaufa6iS_7cMBjYEZYibp7pIrcIOqA",
        "v0.3.0": "FzRyTZSnhRtpmoitWiSyG44WIY64SBlsX8IW23j7zsU",
        "v0.3.1": "OtKeimD3uKa3ZPRIFwJjxwD6NwZfYQj1vTQncvdIXCw",
        "v1.0.0-beta1": "tjDHiG69hFlDVf30d3OEf0ZiV6h65OhHXNwitXFAonM",
        "1.0.0-beta2": "M5UKsCgyJpSlrboH0Dss45uYg16emEJ_WBD3DqQKd88",
        "v1.0.0-beta3": "LquDABc9LgwCrJTqDiTH7zfy46MmuPy0fCxC25tv_Fk",
        "v1.0.0": "Wp5-w5Qhn5aW4-0YfrQZuCKEyhHBxYIzDeIKgEcs4tM",
        "v1.0.1": "OTHtVJUbA_OYyp2eQ-E_nE-4yRPVd7w_zaRcDVk8bEo",
        "v1.1.0": "rc8vAr8VeNUBh07m7qvHmkUl8cZb-hnnZdZSU6mxBEU"
    },
    "league\/commonmark-ext-external-link": {
        "v0.1.0": "JPVuldMVMoT_LQcSkIHYRhSR0OexyYpfzSvO_C-sV-k",
        "v1.0.0-beta1": "DSqKUAyQsqc1eVMy45VH566pwZ4NVjvmrcAKbGfXzUs",
        "v1.0.0": "g6EKrKzO0oqHJXGKzmGxs1B12FmSbezB0XH_tmz-m7w",
        "v1.1.0": "GPZiuuvb16aad8Aa6lNq7T1Va6Av3vtBfLzc29-oCxE"
    },
    "league\/commonmark-ext-smartpunct": {
        "v0.1.0": "Vw60ZGgWjdwkAwPJNguVu3yScxKIc6AmHUvq1UcpNk8",
        "v0.2.0": "RTLDVU7byw9Gqbv8kFtuPaYNCJCOuyQjv_D-_6k4JRo",
        "v1.0.0-beta1": "FaYPF2U2-DhUSUP2qq7H9uoKD1DgK2MitBwIjLbODU0",
        "v1.0.0-beta2": "MbLcsURhySF3pNAENoIcCFwZxDxviJn9XK_4rARfKDI",
        "v1.0.0": "VOWdgWjg3TO6FgcWe8u-fTu8q9m7XtAGg3r7SDV9K8o",
        "v1.1.0": "v5RLkjuRPR3mj8LSQ148GZVJwO7htqQKnG-Fq0_LByg",
        "v1.2.0": "dI5ZxtqC34tQidwbV3uoq5MfNYx4Hyw-ORD0zfR68Hc"
    },
    "league\/commonmark-ext-strikethrough": {
        "v0.1.1": "ZApero8vxyR2oOa4NwcE3QUEYpICETPRXZLqa_pjmpw",
        "v0.2.0": "bKzfetU9Be7BrecHGapl6eShrkBp06bhTcdGI1Z-8pk",
        "v0.3.0": "Oo4AWG_OZ0wnYdHfpcVR7QgglszEeXHrSJ5opDrK4Qs",
        "v0.4.0": "bPA5oajoZX0ZTfjMkhMH8KdhMyXiMs4LTZ_fIr2Pypc",
        "v1.0.0-beta1": "fAed7h-FqirsI2I384E9T6a9HEEvkNpKsFaUKsDYi44",
        "v1.0.0-beta2": "-h8z43_kh1-S3RuXVAPPYo1BT2gEAciwBJ6bXyRd3R8",
        "v1.0.0": "jLFPkRI94Homt_EXmEjxvVBBmyKa3-o2sKHXMv4p1lU",
        "v1.1.0": "H9ZRoehuvHsghAKKWqK4G2KF2oZ7OXgfz2Da0d8ULy0"
    },
    "league\/commonmark-ext-table": {
        "0.1.0": "d-XV5KiJOz4Wl6a_jwnR24dLO8XYVtFRayqIqzGMcYM",
        "0.2.0": "-SjcvWFwA41b6Awffjk0WNh588RCbnWfKV-6OyfgJ2Y",
        "0.3.0": "E7AU8OgmmZOCNQB-xCS0UK20j2YwyzZnXkD76RHnkC4",
        "0.4.0": "rgl1egf8E07d-nfulbsk6PVSMsmmMLMbPVnXds3ulVg",
        "0.4.1": "safX8qmJh6LdlbMXI2LGbyxSNXSFVr98A0VT74pKCN4",
        "0.4.2": "nmg5pEFoA1Ti6zAEDjy0fWuXybN7zXmEcP8iO_7Ffp4",
        "0.4.3": "LjGNAACJ91USoE-rBY5vOFUHmulePlpzJHU73MTPuRI",
        "0.5.0": "VUT77S9Uff0hTu_iN9bUDF60v7lC_Sgpvg3AMKjmuvs",
        "0.6.0": "A9uJdRVTJIVrWgMEwko7DJwrHduEqkVcMQlvRSRwAMc",
        "0.6.1": "H7rMDE41ffCjjp_QxRdncpl4yHP3EHHVKz34Rgl7r8I",
        "0.7.0": "sYH98Y3lzlx0BwwOVWyrTqJGXfu4O3_Mf8z6nftSfMo",
        "0.7.1": "giZplasXUjno63MvK9JuK6ycfjVfoqOQiBaZOyFlPrI",
        "0.8.0": "VQOfuBT_qmxp0RG9aI7E_NtCEL-_GA-UofCv4OEwaXA",
        "0.9.0": "hbQqP82n-bTps1mdDxxo7eY_7eiqh-zu_tmkjV3nkPA",
        "1.0.0": "eKkFTYnbgXcj6D8Ge_DWoKPs1-X8Btt9UOc9AqfztQk",
        "v2.0.0": "bv0G_Fwlox3erYWOhCEP6_vngUxbctuwx6gSieOBlRQ",
        "v2.1.0": "tJ8BAQmucfC7G0gAiqiE4Kr2pmzA0vs2mEmBqtIvEb8"
    },
    "league\/commonmark-ext-task-list": {
        "v0.1.0": "3SO9wo_dBn9al5EyIrRmjJ2NogNsUSzY79Yw0Da3AR0",
        "v1.0.0-beta1": "I7GSiF_m3kpOHbdENa_cPtKT3HUHNe4UTqow520bO5A",
        "v1.0.0": "BGdJ63BEGnRIpaQwATwPyZs44w5gbuAr9VdQfBZ-Iew",
        "v1.0.1": "Flcj8OW1F0surjQ8wMa2r_k14acgZoRU9TPUE7fkBuY",
        "v1.1.0": "MJ0qwRdqhu9hH-VvwEzqbBvudeb4N_6g37yw2TeqlCc"
    },
    "rezozero\/commonmark-ext-footnotes": {
        "0.1.0": "iprn9i-OgAr7p-fwNinfJQgdplu6rKsfR_6DY4pvwrM",
        "0.1.1": "G0hrL_8qerak9pNZOz0D2vFz_4SfKRV-Kzi03s-cnl4",
        "0.1.2": "Drcq4kncZXaW5nN9qLtLG4h84Xj80im4R7_JMwpqb_c",
        "0.1.3": "Sg1bWiEZlN1i4FX_C9O64xwpV4gBx2DbF6Z5mqBwmic",
        "0.1.4": "KF410mujz9YpMhVqwCKq6fNJZSmjBbzTh5sOC5hHqqs",
        "0.1.5": "pr3l-wAr4JRZbV5NmLBz_aMXyRGFz2Sevd3Pdj9w7f0",
        "0.1.6": "Sz8j15C8BrM7T6D-fHfO4uxbnliB66M0D4cANJiuGkE",
        "0.1.7": "TDBnBRZ7dIT8Z0Dkz8Dzj_pcnvHO-ope-c1J_PTwjfk",
        "1.0.0": "rUYenXbQA6u39aGLp7l2AAAz7IGM4WnbSpn7r3b_a-E",
        "1.0.1": "soQNhBfszsMxzvtleQvmy2XGKFf5lmeRMOtujS4GwSA",
        "1.0.2": "TtXgPujABJumqQclLU8SZqETxyZF9-Cmh-VK2BFfRAg"
    },
    "uafrica\/commonmark-ext": {
        "v0.1.1": "ZApero8vxyR2oOa4NwcE3QUEYpICETPRXZLqa_pjmpw",
        "v0.2.0": "bKzfetU9Be7BrecHGapl6eShrkBp06bhTcdGI1Z-8pk",
        "v0.3.0": "Oo4AWG_OZ0wnYdHfpcVR7QgglszEeXHrSJ5opDrK4Qs"
    },
    "webuni\/commonmark-attributes-extension": {
        "0.1.0": "mFafgr8Ue5k--EwJ2jE1MMvUtNOoMGjsu1r5DcK1Mp8",
        "0.1.1": "mFafgr8Ue5k--EwJ2jE1MMvUtNOoMGjsu1r5DcK1Mp8",
        "0.2.0": "lDNjZzCg84t0TVtSnrEY982rxfciBxowosLZjWlnINg",
        "0.3.0": "fU-4mHqiQovtjygOGXIyBhjIxTnA5y3h2tSMU6HNpAs",
        "0.3.1": "7WOpxotE-HdJ2t6FGoQQgd5BZ789s_OO7CioUVRaIGY",
        "0.3.2": "hRbiZ-tpUes8M0mMDsX5E4dXG47kndBP8_BVoeyYsVg",
        "0.4.0": "cLso_50q1C0UvZRXmNR8dOdkw9Gj4qBBrWnbhFO7mEU",
        "0.5.0": "6bv_puKnFUoEDoZ65w71n_eCSTcrnQaj7ewHoLe7-Yg",
        "1.0.0": "23wW5n1KwgAurZ25RPRUF5wOMiss0Awa9U18FjhORts"
    },
    "webuni\/commonmark-table-extension": {
        "0.1.0": "d-XV5KiJOz4Wl6a_jwnR24dLO8XYVtFRayqIqzGMcYM",
        "0.2.0": "-SjcvWFwA41b6Awffjk0WNh588RCbnWfKV-6OyfgJ2Y",
        "0.3.0": "E7AU8OgmmZOCNQB-xCS0UK20j2YwyzZnXkD76RHnkC4",
        "0.4.0": "rgl1egf8E07d-nfulbsk6PVSMsmmMLMbPVnXds3ulVg",
        "0.4.1": "safX8qmJh6LdlbMXI2LGbyxSNXSFVr98A0VT74pKCN4",
        "0.4.2": "nmg5pEFoA1Ti6zAEDjy0fWuXybN7zXmEcP8iO_7Ffp4",
        "0.4.3": "LjGNAACJ91USoE-rBY5vOFUHmulePlpzJHU73MTPuRI",
        "0.5.0": "VUT77S9Uff0hTu_iN9bUDF60v7lC_Sgpvg3AMKjmuvs",
        "0.6.0": "A9uJdRVTJIVrWgMEwko7DJwrHduEqkVcMQlvRSRwAMc",
        "0.6.1": "H7rMDE41ffCjjp_QxRdncpl4yHP3EHHVKz34Rgl7r8I",
        "0.7.0": "sYH98Y3lzlx0BwwOVWyrTqJGXfu4O3_Mf8z6nftSfMo",
        "0.7.1": "giZplasXUjno63MvK9JuK6ycfjVfoqOQiBaZOyFlPrI",
        "0.8.0": "VQOfuBT_qmxp0RG9aI7E_NtCEL-_GA-UofCv4OEwaXA",
        "0.9.0": "hbQqP82n-bTps1mdDxxo7eY_7eiqh-zu_tmkjV3nkPA",
        "1.0.0": "eKkFTYnbgXcj6D8Ge_DWoKPs1-X8Btt9UOc9AqfztQk"
    }
}
